Day,hamilton soundtrack
2015-06-01,0
2015-06-02,0
2015-06-03,0
2015-06-04,0
2015-06-05,25
2015-06-06,16
2015-06-07,0
2015-06-08,0
2015-06-09,0
2015-06-10,0
2015-06-11,0
2015-06-12,13
2015-06-13,16
2015-06-14,0
2015-06-15,0
2015-06-16,0
2015-06-17,0
2015-06-18,0
2015-06-19,13
2015-06-20,0
2015-06-21,0
2015-06-22,0
2015-06-23,0
2015-06-24,0
2015-06-25,12
2015-06-26,13
2015-06-27,0
2015-06-28,16
2015-06-29,0
2015-06-30,0
2015-07-01,36
2015-07-02,0
2015-07-03,15
2015-07-04,0
2015-07-05,0
2015-07-06,24
2015-07-07,12
2015-07-08,12
2015-07-09,24
2015-07-10,0
2015-07-11,0
2015-07-12,0
2015-07-13,0
2015-07-14,0
2015-07-15,12
2015-07-16,0
2015-07-17,25
2015-07-18,0
2015-07-19,16
2015-07-20,38
2015-07-21,0
2015-07-22,12
2015-07-23,12
2015-07-24,0
2015-07-25,0
2015-07-26,0
2015-07-27,12
2015-07-28,24
2015-07-29,0
2015-07-30,36
2015-07-31,51
2015-08-01,0
2015-08-02,31
2015-08-03,12
2015-08-04,12
2015-08-05,12
2015-08-06,37
2015-08-07,100
2015-08-08,15
2015-08-09,0
2015-08-10,0
2015-08-11,0
2015-08-12,24
2015-08-13,12
2015-08-14,37
2015-08-15,15
2015-08-16,15
2015-08-17,36
2015-08-18,0
2015-08-19,24
2015-08-20,36
2015-08-21,0
2015-08-22,15
2015-08-23,15
2015-08-24,12